{"(0, 0, 0, 3)": 0.06830188036811938, "(0, 0, 1, 2)": 0.07611438036811942, "(0, 0, 2, 1)": 0.009823119631880602, "(0, 0, 3, 0)": 0.0020106196318805765, "(0, 1, 0, 2)": 0.057253336912079664, "(0, 1, 1, 1)": 0.007812500000000028, "(0, 1, 2, 0)": 0.013059163087920378, "(0, 2, 0, 1)": 0.07611438036811932, "(0, 2, 1, 0)": 0.009823119631880593, "(0, 3, 0, 0)": 0.011718749999999967, "(1, 0, 0, 2)": 0.05725333691207957, "(1, 0, 1, 1)": 0.007812500000000005, "(1, 0, 2, 0)": 0.013059163087920374, "(1, 1, 0, 1)": 0.2147287607362389, "(1, 1, 1, 0)": 0.0821462392637611, "(1, 2, 0, 0)": 0.09765625000000011, "(2, 0, 0, 1)": 0.07611438036811946, "(2, 0, 1, 0)": 0.009823119631880577, "(2, 1, 0, 0)": 0.09765624999999994, "(3, 0, 0, 0)": 0.011718750000000017}