{"(0, 0, 0, 1)": 0.33333338967616066, "(0, 0, 1, 0)": 0.3333333408727536, "(0, 1, 0, 0)": 0.3333332694509954, "(1, 0, 0, 0)": 9.034294173220284e-14}