{"(1, 1, 1, 1)": 0.14062500000000006, "(0, 0, 2, 2)": 0.09765625000000003, "(2, 2, 0, 0)": 0.09765625000000003, "(1, 1, 0, 2)": 0.07031250000000006, "(2, 0, 1, 1)": 0.07031250000000006, "(0, 2, 1, 1)": 0.07031249999999994, "(1, 1, 2, 0)": 0.07031249999999994, "(0, 0, 3, 1)": 0.02343750000000005, "(1, 3, 0, 0)": 0.02343750000000004, "(0, 1, 0, 3)": 0.023437500000000014, "(3, 0, 1, 0)": 0.023437500000000014, "(1, 0, 0, 3)": 0.023437499999999997, "(0, 3, 1, 0)": 0.023437499999999993, "(3, 0, 0, 1)": 0.023437499999999993, "(0, 1, 3, 0)": 0.02343749999999999, "(1, 0, 3, 0)": 0.023437499999999972, "(0, 3, 0, 1)": 0.02343749999999997, "(3, 1, 0, 0)": 0.023437499999999962, "(0, 0, 1, 3)": 0.023437499999999955, "(0, 1, 2, 1)": 0.007812500000000033, "(1, 2, 1, 0)": 0.00781250000000003, "(2, 1, 1, 0)": 0.007812500000000012, "(0, 1, 1, 2)": 0.007812500000000009, "(1, 0, 2, 1)": 0.007812500000000005, "(1, 2, 0, 1)": 0.007812500000000002, "(2, 1, 0, 1)": 0.007812499999999985, "(1, 0, 1, 2)": 0.0078124999999999835, "(0, 0, 0, 4)": 0.005859375000000009, "(4, 0, 0, 0)": 0.005859375000000005, "(0, 4, 0, 0)": 0.005859374999999984, "(0, 0, 4, 0)": 0.005859374999999983, "(0, 2, 2, 0)": 0.003906250000000029, "(0, 2, 0, 2)": 0.003906250000000004, "(2, 0, 2, 0)": 0.003906250000000004, "(2, 0, 0, 2)": 0.00390624999999998}